[
{
    "model": "admin.logentry",
    "pk": 1,
    "fields": {
        "action_time": "2025-01-19T16:39:40.907Z",
        "user": 2,
        "content_type": 3,
        "object_id": "1",
        "object_repr": "Cliente",
        "action_flag": 1,
        "change_message": "[{\"added\": {}}]"
    }
},
{
    "model": "admin.logentry",
    "pk": 2,
    "fields": {
        "action_time": "2025-01-19T16:41:30.789Z",
        "user": 2,
        "content_type": 3,
        "object_id": "2",
        "object_repr": "Moderador",
        "action_flag": 1,
        "change_message": "[{\"added\": {}}]"
    }
},
{
    "model": "admin.logentry",
    "pk": 3,
    "fields": {
        "action_time": "2025-01-19T17:37:32.706Z",
        "user": 2,
        "content_type": 6,
        "object_id": "5",
        "object_repr": "DavidBowie",
        "action_flag": 3,
        "change_message": ""
    }
},
{
    "model": "admin.logentry",
    "pk": 4,
    "fields": {
        "action_time": "2025-01-19T17:37:39.285Z",
        "user": 2,
        "content_type": 6,
        "object_id": "3",
        "object_repr": "Moderador1",
        "action_flag": 3,
        "change_message": ""
    }
},
{
    "model": "admin.logentry",
    "pk": 5,
    "fields": {
        "action_time": "2025-01-19T17:44:29.947Z",
        "user": 2,
        "content_type": 6,
        "object_id": "1",
        "object_repr": "moderador1",
        "action_flag": 3,
        "change_message": ""
    }
},
{
    "model": "auth.permission",
    "pk": 1,
    "fields": {
        "name": "Can add log entry",
        "content_type": 1,
        "codename": "add_logentry"
    }
},
{
    "model": "auth.permission",
    "pk": 2,
    "fields": {
        "name": "Can change log entry",
        "content_type": 1,
        "codename": "change_logentry"
    }
},
{
    "model": "auth.permission",
    "pk": 3,
    "fields": {
        "name": "Can delete log entry",
        "content_type": 1,
        "codename": "delete_logentry"
    }
},
{
    "model": "auth.permission",
    "pk": 4,
    "fields": {
        "name": "Can view log entry",
        "content_type": 1,
        "codename": "view_logentry"
    }
},
{
    "model": "auth.permission",
    "pk": 5,
    "fields": {
        "name": "Can add permission",
        "content_type": 2,
        "codename": "add_permission"
    }
},
{
    "model": "auth.permission",
    "pk": 6,
    "fields": {
        "name": "Can change permission",
        "content_type": 2,
        "codename": "change_permission"
    }
},
{
    "model": "auth.permission",
    "pk": 7,
    "fields": {
        "name": "Can delete permission",
        "content_type": 2,
        "codename": "delete_permission"
    }
},
{
    "model": "auth.permission",
    "pk": 8,
    "fields": {
        "name": "Can view permission",
        "content_type": 2,
        "codename": "view_permission"
    }
},
{
    "model": "auth.permission",
    "pk": 9,
    "fields": {
        "name": "Can add group",
        "content_type": 3,
        "codename": "add_group"
    }
},
{
    "model": "auth.permission",
    "pk": 10,
    "fields": {
        "name": "Can change group",
        "content_type": 3,
        "codename": "change_group"
    }
},
{
    "model": "auth.permission",
    "pk": 11,
    "fields": {
        "name": "Can delete group",
        "content_type": 3,
        "codename": "delete_group"
    }
},
{
    "model": "auth.permission",
    "pk": 12,
    "fields": {
        "name": "Can view group",
        "content_type": 3,
        "codename": "view_group"
    }
},
{
    "model": "auth.permission",
    "pk": 13,
    "fields": {
        "name": "Can add content type",
        "content_type": 4,
        "codename": "add_contenttype"
    }
},
{
    "model": "auth.permission",
    "pk": 14,
    "fields": {
        "name": "Can change content type",
        "content_type": 4,
        "codename": "change_contenttype"
    }
},
{
    "model": "auth.permission",
    "pk": 15,
    "fields": {
        "name": "Can delete content type",
        "content_type": 4,
        "codename": "delete_contenttype"
    }
},
{
    "model": "auth.permission",
    "pk": 16,
    "fields": {
        "name": "Can view content type",
        "content_type": 4,
        "codename": "view_contenttype"
    }
},
{
    "model": "auth.permission",
    "pk": 17,
    "fields": {
        "name": "Can add session",
        "content_type": 5,
        "codename": "add_session"
    }
},
{
    "model": "auth.permission",
    "pk": 18,
    "fields": {
        "name": "Can change session",
        "content_type": 5,
        "codename": "change_session"
    }
},
{
    "model": "auth.permission",
    "pk": 19,
    "fields": {
        "name": "Can delete session",
        "content_type": 5,
        "codename": "delete_session"
    }
},
{
    "model": "auth.permission",
    "pk": 20,
    "fields": {
        "name": "Can view session",
        "content_type": 5,
        "codename": "view_session"
    }
},
{
    "model": "auth.permission",
    "pk": 21,
    "fields": {
        "name": "Can add usuario",
        "content_type": 6,
        "codename": "add_usuario"
    }
},
{
    "model": "auth.permission",
    "pk": 22,
    "fields": {
        "name": "Can change usuario",
        "content_type": 6,
        "codename": "change_usuario"
    }
},
{
    "model": "auth.permission",
    "pk": 23,
    "fields": {
        "name": "Can delete usuario",
        "content_type": 6,
        "codename": "delete_usuario"
    }
},
{
    "model": "auth.permission",
    "pk": 24,
    "fields": {
        "name": "Can view usuario",
        "content_type": 6,
        "codename": "view_usuario"
    }
},
{
    "model": "auth.permission",
    "pk": 25,
    "fields": {
        "name": "Can add album",
        "content_type": 7,
        "codename": "add_album"
    }
},
{
    "model": "auth.permission",
    "pk": 26,
    "fields": {
        "name": "Can change album",
        "content_type": 7,
        "codename": "change_album"
    }
},
{
    "model": "auth.permission",
    "pk": 27,
    "fields": {
        "name": "Can delete album",
        "content_type": 7,
        "codename": "delete_album"
    }
},
{
    "model": "auth.permission",
    "pk": 28,
    "fields": {
        "name": "Can view album",
        "content_type": 7,
        "codename": "view_album"
    }
},
{
    "model": "auth.permission",
    "pk": 29,
    "fields": {
        "name": "Can add cancion",
        "content_type": 8,
        "codename": "add_cancion"
    }
},
{
    "model": "auth.permission",
    "pk": 30,
    "fields": {
        "name": "Can change cancion",
        "content_type": 8,
        "codename": "change_cancion"
    }
},
{
    "model": "auth.permission",
    "pk": 31,
    "fields": {
        "name": "Can delete cancion",
        "content_type": 8,
        "codename": "delete_cancion"
    }
},
{
    "model": "auth.permission",
    "pk": 32,
    "fields": {
        "name": "Can view cancion",
        "content_type": 8,
        "codename": "view_cancion"
    }
},
{
    "model": "auth.permission",
    "pk": 33,
    "fields": {
        "name": "Can add cancion playlist",
        "content_type": 9,
        "codename": "add_cancionplaylist"
    }
},
{
    "model": "auth.permission",
    "pk": 34,
    "fields": {
        "name": "Can change cancion playlist",
        "content_type": 9,
        "codename": "change_cancionplaylist"
    }
},
{
    "model": "auth.permission",
    "pk": 35,
    "fields": {
        "name": "Can delete cancion playlist",
        "content_type": 9,
        "codename": "delete_cancionplaylist"
    }
},
{
    "model": "auth.permission",
    "pk": 36,
    "fields": {
        "name": "Can view cancion playlist",
        "content_type": 9,
        "codename": "view_cancionplaylist"
    }
},
{
    "model": "auth.permission",
    "pk": 37,
    "fields": {
        "name": "Can add cliente",
        "content_type": 10,
        "codename": "add_cliente"
    }
},
{
    "model": "auth.permission",
    "pk": 38,
    "fields": {
        "name": "Can change cliente",
        "content_type": 10,
        "codename": "change_cliente"
    }
},
{
    "model": "auth.permission",
    "pk": 39,
    "fields": {
        "name": "Can delete cliente",
        "content_type": 10,
        "codename": "delete_cliente"
    }
},
{
    "model": "auth.permission",
    "pk": 40,
    "fields": {
        "name": "Can view cliente",
        "content_type": 10,
        "codename": "view_cliente"
    }
},
{
    "model": "auth.permission",
    "pk": 41,
    "fields": {
        "name": "Can add comentario",
        "content_type": 11,
        "codename": "add_comentario"
    }
},
{
    "model": "auth.permission",
    "pk": 42,
    "fields": {
        "name": "Can change comentario",
        "content_type": 11,
        "codename": "change_comentario"
    }
},
{
    "model": "auth.permission",
    "pk": 43,
    "fields": {
        "name": "Can delete comentario",
        "content_type": 11,
        "codename": "delete_comentario"
    }
},
{
    "model": "auth.permission",
    "pk": 44,
    "fields": {
        "name": "Can view comentario",
        "content_type": 11,
        "codename": "view_comentario"
    }
},
{
    "model": "auth.permission",
    "pk": 45,
    "fields": {
        "name": "Can add detalle album",
        "content_type": 12,
        "codename": "add_detallealbum"
    }
},
{
    "model": "auth.permission",
    "pk": 46,
    "fields": {
        "name": "Can change detalle album",
        "content_type": 12,
        "codename": "change_detallealbum"
    }
},
{
    "model": "auth.permission",
    "pk": 47,
    "fields": {
        "name": "Can delete detalle album",
        "content_type": 12,
        "codename": "delete_detallealbum"
    }
},
{
    "model": "auth.permission",
    "pk": 48,
    "fields": {
        "name": "Can view detalle album",
        "content_type": 12,
        "codename": "view_detallealbum"
    }
},
{
    "model": "auth.permission",
    "pk": 49,
    "fields": {
        "name": "Can add detalles cancion",
        "content_type": 13,
        "codename": "add_detallescancion"
    }
},
{
    "model": "auth.permission",
    "pk": 50,
    "fields": {
        "name": "Can change detalles cancion",
        "content_type": 13,
        "codename": "change_detallescancion"
    }
},
{
    "model": "auth.permission",
    "pk": 51,
    "fields": {
        "name": "Can delete detalles cancion",
        "content_type": 13,
        "codename": "delete_detallescancion"
    }
},
{
    "model": "auth.permission",
    "pk": 52,
    "fields": {
        "name": "Can view detalles cancion",
        "content_type": 13,
        "codename": "view_detallescancion"
    }
},
{
    "model": "auth.permission",
    "pk": 53,
    "fields": {
        "name": "Can add estadisticas album",
        "content_type": 14,
        "codename": "add_estadisticasalbum"
    }
},
{
    "model": "auth.permission",
    "pk": 54,
    "fields": {
        "name": "Can change estadisticas album",
        "content_type": 14,
        "codename": "change_estadisticasalbum"
    }
},
{
    "model": "auth.permission",
    "pk": 55,
    "fields": {
        "name": "Can delete estadisticas album",
        "content_type": 14,
        "codename": "delete_estadisticasalbum"
    }
},
{
    "model": "auth.permission",
    "pk": 56,
    "fields": {
        "name": "Can view estadisticas album",
        "content_type": 14,
        "codename": "view_estadisticasalbum"
    }
},
{
    "model": "auth.permission",
    "pk": 57,
    "fields": {
        "name": "Can add like",
        "content_type": 15,
        "codename": "add_like"
    }
},
{
    "model": "auth.permission",
    "pk": 58,
    "fields": {
        "name": "Can change like",
        "content_type": 15,
        "codename": "change_like"
    }
},
{
    "model": "auth.permission",
    "pk": 59,
    "fields": {
        "name": "Can delete like",
        "content_type": 15,
        "codename": "delete_like"
    }
},
{
    "model": "auth.permission",
    "pk": 60,
    "fields": {
        "name": "Can view like",
        "content_type": 15,
        "codename": "view_like"
    }
},
{
    "model": "auth.permission",
    "pk": 61,
    "fields": {
        "name": "Can add mensaje privado",
        "content_type": 16,
        "codename": "add_mensajeprivado"
    }
},
{
    "model": "auth.permission",
    "pk": 62,
    "fields": {
        "name": "Can change mensaje privado",
        "content_type": 16,
        "codename": "change_mensajeprivado"
    }
},
{
    "model": "auth.permission",
    "pk": 63,
    "fields": {
        "name": "Can delete mensaje privado",
        "content_type": 16,
        "codename": "delete_mensajeprivado"
    }
},
{
    "model": "auth.permission",
    "pk": 64,
    "fields": {
        "name": "Can view mensaje privado",
        "content_type": 16,
        "codename": "view_mensajeprivado"
    }
},
{
    "model": "auth.permission",
    "pk": 65,
    "fields": {
        "name": "Can add moderador",
        "content_type": 17,
        "codename": "add_moderador"
    }
},
{
    "model": "auth.permission",
    "pk": 66,
    "fields": {
        "name": "Can change moderador",
        "content_type": 17,
        "codename": "change_moderador"
    }
},
{
    "model": "auth.permission",
    "pk": 67,
    "fields": {
        "name": "Can delete moderador",
        "content_type": 17,
        "codename": "delete_moderador"
    }
},
{
    "model": "auth.permission",
    "pk": 68,
    "fields": {
        "name": "Can view moderador",
        "content_type": 17,
        "codename": "view_moderador"
    }
},
{
    "model": "auth.permission",
    "pk": 69,
    "fields": {
        "name": "Can add playlist",
        "content_type": 18,
        "codename": "add_playlist"
    }
},
{
    "model": "auth.permission",
    "pk": 70,
    "fields": {
        "name": "Can change playlist",
        "content_type": 18,
        "codename": "change_playlist"
    }
},
{
    "model": "auth.permission",
    "pk": 71,
    "fields": {
        "name": "Can delete playlist",
        "content_type": 18,
        "codename": "delete_playlist"
    }
},
{
    "model": "auth.permission",
    "pk": 72,
    "fields": {
        "name": "Can view playlist",
        "content_type": 18,
        "codename": "view_playlist"
    }
},
{
    "model": "auth.permission",
    "pk": 73,
    "fields": {
        "name": "Can add guardado",
        "content_type": 19,
        "codename": "add_guardado"
    }
},
{
    "model": "auth.permission",
    "pk": 74,
    "fields": {
        "name": "Can change guardado",
        "content_type": 19,
        "codename": "change_guardado"
    }
},
{
    "model": "auth.permission",
    "pk": 75,
    "fields": {
        "name": "Can delete guardado",
        "content_type": 19,
        "codename": "delete_guardado"
    }
},
{
    "model": "auth.permission",
    "pk": 76,
    "fields": {
        "name": "Can view guardado",
        "content_type": 19,
        "codename": "view_guardado"
    }
},
{
    "model": "auth.permission",
    "pk": 77,
    "fields": {
        "name": "Can add seguidores",
        "content_type": 20,
        "codename": "add_seguidores"
    }
},
{
    "model": "auth.permission",
    "pk": 78,
    "fields": {
        "name": "Can change seguidores",
        "content_type": 20,
        "codename": "change_seguidores"
    }
},
{
    "model": "auth.permission",
    "pk": 79,
    "fields": {
        "name": "Can delete seguidores",
        "content_type": 20,
        "codename": "delete_seguidores"
    }
},
{
    "model": "auth.permission",
    "pk": 80,
    "fields": {
        "name": "Can view seguidores",
        "content_type": 20,
        "codename": "view_seguidores"
    }
},
{
    "model": "auth.group",
    "pk": 1,
    "fields": {
        "name": "Cliente",
        "permissions": [
            25,
            26,
            27,
            28,
            29,
            30,
            31,
            32,
            33,
            34,
            35,
            36,
            37,
            38,
            39,
            40,
            41,
            42,
            43,
            44,
            45,
            46,
            47,
            48,
            49,
            50,
            51,
            52,
            53,
            54,
            55,
            56,
            73,
            74,
            75,
            76,
            57,
            58,
            59,
            60,
            61,
            62,
            63,
            64,
            69,
            70,
            71,
            72,
            77,
            78,
            79,
            80,
            21,
            22,
            23,
            24
        ]
    }
},
{
    "model": "auth.group",
    "pk": 2,
    "fields": {
        "name": "Moderador",
        "permissions": [
            26,
            27,
            28,
            30,
            31,
            32,
            34,
            35,
            36,
            37,
            38,
            39,
            40,
            41,
            42,
            43,
            44,
            46,
            47,
            48,
            50,
            51,
            52,
            54,
            55,
            56,
            74,
            75,
            76,
            58,
            59,
            60,
            61,
            62,
            63,
            64,
            65,
            66,
            67,
            68,
            70,
            71,
            72,
            78,
            79,
            80,
            22,
            23,
            24
        ]
    }
},
{
    "model": "contenttypes.contenttype",
    "pk": 1,
    "fields": {
        "app_label": "admin",
        "model": "logentry"
    }
},
{
    "model": "contenttypes.contenttype",
    "pk": 2,
    "fields": {
        "app_label": "auth",
        "model": "permission"
    }
},
{
    "model": "contenttypes.contenttype",
    "pk": 3,
    "fields": {
        "app_label": "auth",
        "model": "group"
    }
},
{
    "model": "contenttypes.contenttype",
    "pk": 4,
    "fields": {
        "app_label": "contenttypes",
        "model": "contenttype"
    }
},
{
    "model": "contenttypes.contenttype",
    "pk": 5,
    "fields": {
        "app_label": "sessions",
        "model": "session"
    }
},
{
    "model": "contenttypes.contenttype",
    "pk": 6,
    "fields": {
        "app_label": "socialSound",
        "model": "usuario"
    }
},
{
    "model": "contenttypes.contenttype",
    "pk": 7,
    "fields": {
        "app_label": "socialSound",
        "model": "album"
    }
},
{
    "model": "contenttypes.contenttype",
    "pk": 8,
    "fields": {
        "app_label": "socialSound",
        "model": "cancion"
    }
},
{
    "model": "contenttypes.contenttype",
    "pk": 9,
    "fields": {
        "app_label": "socialSound",
        "model": "cancionplaylist"
    }
},
{
    "model": "contenttypes.contenttype",
    "pk": 10,
    "fields": {
        "app_label": "socialSound",
        "model": "cliente"
    }
},
{
    "model": "contenttypes.contenttype",
    "pk": 11,
    "fields": {
        "app_label": "socialSound",
        "model": "comentario"
    }
},
{
    "model": "contenttypes.contenttype",
    "pk": 12,
    "fields": {
        "app_label": "socialSound",
        "model": "detallealbum"
    }
},
{
    "model": "contenttypes.contenttype",
    "pk": 13,
    "fields": {
        "app_label": "socialSound",
        "model": "detallescancion"
    }
},
{
    "model": "contenttypes.contenttype",
    "pk": 14,
    "fields": {
        "app_label": "socialSound",
        "model": "estadisticasalbum"
    }
},
{
    "model": "contenttypes.contenttype",
    "pk": 15,
    "fields": {
        "app_label": "socialSound",
        "model": "like"
    }
},
{
    "model": "contenttypes.contenttype",
    "pk": 16,
    "fields": {
        "app_label": "socialSound",
        "model": "mensajeprivado"
    }
},
{
    "model": "contenttypes.contenttype",
    "pk": 17,
    "fields": {
        "app_label": "socialSound",
        "model": "moderador"
    }
},
{
    "model": "contenttypes.contenttype",
    "pk": 18,
    "fields": {
        "app_label": "socialSound",
        "model": "playlist"
    }
},
{
    "model": "contenttypes.contenttype",
    "pk": 19,
    "fields": {
        "app_label": "socialSound",
        "model": "guardado"
    }
},
{
    "model": "contenttypes.contenttype",
    "pk": 20,
    "fields": {
        "app_label": "socialSound",
        "model": "seguidores"
    }
},
{
    "model": "sessions.session",
    "pk": "eaorvccpnw6acvqjx83ycvqfgqcunwub",
    "fields": {
        "session_data": "eyJfcGFzc3dvcmRfcmVzZXRfdG9rZW4iOiJjandwcjktOWNhZDQ3OTlhOWQ5MWViNDRlMzczYWEzMDdhOTU1MzcifQ:1tZgfM:_10909DL0Lt7qzzzxegGuH-6JS2skBj8oKrg6yTPwW0",
        "expire_date": "2025-02-03T01:33:24.005Z"
    }
},
{
    "model": "sessions.session",
    "pk": "lemdn4s0nqzb1lkixvllcy2w84echy3f",
    "fields": {
        "session_data": ".eJxdjMGOwiAURX_FsDb6eIVaupuZT_ADyCsPp8QWEoFkEuO_SxMXjttzzz13YamW2dbsbzawGEUv9u9sInf1cRtycoGWc6qRDy96-Km5pPWr2d8v7995pjy3JwADkNSg-04yK81umMg79EYaqfVACMrjSXGnUbEjRpyk6U2nidRFt2hdSljJuhT9X0ixRRGOII8IqHfyNIJpUkmFFpv9bw2cbj6LsfuA74iWqa6bJPfi4t1MNsTgQvpoD1v78QSAK13Y:1tZvHL:KhcZbAaHEaJM6vXY3BPsUAy5SAxQ534R_iwY8J5U1nE",
        "expire_date": "2025-02-03T17:09:35.562Z"
    }
},
{
    "model": "socialSound.usuario",
    "pk": 2,
    "fields": {
        "password": "pbkdf2_sha256$870000$ghhvgfsqCbit2dcS0usGbH$psZ3dvio2cVjFHjwr+FocCJtVpfKuPZyr8u1BqVpFMk=",
        "last_login": "2025-01-19T17:44:28.323Z",
        "is_superuser": true,
        "nombre_usuario": "admin",
        "email": "admin@admin.com",
        "bio": "",
        "ciudad": "",
        "foto_perfil": "fotos_perfil/default_profile.png",
        "fecha_nac": null,
        "is_active": true,
        "is_staff": true,
        "date_joined": "2025-01-19T16:36:50.034Z",
        "rol": 1,
        "groups": [],
        "user_permissions": []
    }
},
{
    "model": "socialSound.usuario",
    "pk": 4,
    "fields": {
        "password": "pbkdf2_sha256$870000$W8OzgAwMx32YiozYIMFCRW$BBV8fgnVknxof24ZI0so8Eed002gMrP7dZb66PYY1go=",
        "last_login": "2025-01-20T00:21:35.228Z",
        "is_superuser": false,
        "nombre_usuario": "moderador2",
        "email": "moderador2@socialsound.com",
        "bio": "moderador 2",
        "ciudad": "Sevilla",
        "foto_perfil": "fotos_perfil/imageee_Z09zq4T.jpg",
        "fecha_nac": "1992-02-02",
        "is_active": true,
        "is_staff": false,
        "date_joined": "2025-01-19T16:45:46.813Z",
        "rol": 2,
        "groups": [
            2
        ],
        "user_permissions": []
    }
},
{
    "model": "socialSound.usuario",
    "pk": 6,
    "fields": {
        "password": "pbkdf2_sha256$870000$jdPwXhVQQdwo89Fwh7PlQ2$yhaYDjhoKIvQ5o1/0z2DqX661sqdxyHMvLtA+Z7aDqU=",
        "last_login": "2025-01-20T17:09:35.507Z",
        "is_superuser": false,
        "nombre_usuario": "DavidBowie",
        "email": "david@bowie.com",
        "bio": "we are heroesss",
        "ciudad": "New York",
        "foto_perfil": "fotos_perfil/david-bowie_EgqAG1Z.gif",
        "fecha_nac": "1950-04-23",
        "is_active": true,
        "is_staff": false,
        "date_joined": "2025-01-19T17:38:51.863Z",
        "rol": 1,
        "groups": [
            1
        ],
        "user_permissions": []
    }
},
{
    "model": "socialSound.usuario",
    "pk": 7,
    "fields": {
        "password": "pbkdf2_sha256$870000$vzkrvsgTJQ9rOvQdvmwhhG$EkRAIwodU8N+zMr7OhMTDjVDOyv6Rvm1fCO8JTyqhyw=",
        "last_login": "2025-01-19T19:11:24.062Z",
        "is_superuser": false,
        "nombre_usuario": "IanFugazi",
        "email": "fugazi@dischord.com",
        "bio": "post-hardcore, PMA, vegan, Straight Edge",
        "ciudad": "New York",
        "foto_perfil": "fotos_perfil/pl_musicfugazi_f.webp",
        "fecha_nac": "1956-06-23",
        "is_active": true,
        "is_staff": false,
        "date_joined": "2025-01-19T18:22:25.213Z",
        "rol": 1,
        "groups": [
            1
        ],
        "user_permissions": []
    }
},
{
    "model": "socialSound.usuario",
    "pk": 8,
    "fields": {
        "password": "pbkdf2_sha256$870000$T7ZySiGluTR3X0XY2Yg4GU$juAXclWbRBfEiHYQfP/PVQo7/Hh1+sH+nhr2/tgOg44=",
        "last_login": "2025-01-19T23:38:57.147Z",
        "is_superuser": false,
        "nombre_usuario": "DavidLynch",
        "email": "David@Lynch.es",
        "bio": "Rabbits",
        "ciudad": "Sydney",
        "foto_perfil": "fotos_perfil/fb5d1198f17ce7abc565cc56a8d400b2_tgnJcs5.gif",
        "fecha_nac": "1960-08-12",
        "is_active": true,
        "is_staff": false,
        "date_joined": "2025-01-19T23:38:41.080Z",
        "rol": 1,
        "groups": [
            1
        ],
        "user_permissions": []
    }
},
{
    "model": "socialSound.usuario",
    "pk": 9,
    "fields": {
        "password": "pbkdf2_sha256$870000$xgDkf8E2HKS3x8RYSLu4LQ$XO6g8GItq19abhyMNayh/SjI+UdE/bV2vb3/2ezxwjI=",
        "last_login": "2025-01-20T16:57:30.705Z",
        "is_superuser": false,
        "nombre_usuario": "moderador1",
        "email": "moderador1@socialSound.com",
        "bio": "Soy el moderador master de todos, arrodillense",
        "ciudad": "Sevilla",
        "foto_perfil": "fotos_perfil/default_profile.png",
        "fecha_nac": "1993-04-23",
        "is_active": true,
        "is_staff": false,
        "date_joined": "2025-01-20T00:26:24.116Z",
        "rol": 2,
        "groups": [
            2
        ],
        "user_permissions": []
    }
},
{
    "model": "socialSound.cliente",
    "pk": 2,
    "fields": {
        "usuario": 6,
        "genero_favorito": null,
        "artista_favorito": null,
        "acepta_terminos": false
    }
},
{
    "model": "socialSound.cliente",
    "pk": 3,
    "fields": {
        "usuario": 7,
        "genero_favorito": null,
        "artista_favorito": null,
        "acepta_terminos": false
    }
},
{
    "model": "socialSound.cliente",
    "pk": 4,
    "fields": {
        "usuario": 8,
        "genero_favorito": "Rock progresivo",
        "artista_favorito": "King Crimson",
        "acepta_terminos": true
    }
},
{
    "model": "socialSound.moderador",
    "pk": 2,
    "fields": {
        "usuario": 4,
        "experiencia_moderacion": 0,
        "area_especialidad": null,
        "codigo_moderador": null
    }
},
{
    "model": "socialSound.moderador",
    "pk": 3,
    "fields": {
        "usuario": 9,
        "experiencia_moderacion": 10,
        "area_especialidad": "baneador profesional",
        "codigo_moderador": "MOD-001"
    }
},
{
    "model": "socialSound.seguidores",
    "pk": 2,
    "fields": {
        "seguidor": 6,
        "seguido": 2,
        "fecha_inicio": "2025-01-19T17:44:00.471Z"
    }
},
{
    "model": "socialSound.seguidores",
    "pk": 3,
    "fields": {
        "seguidor": 6,
        "seguido": 4,
        "fecha_inicio": "2025-01-19T17:44:02.177Z"
    }
},
{
    "model": "socialSound.seguidores",
    "pk": 4,
    "fields": {
        "seguidor": 4,
        "seguido": 6,
        "fecha_inicio": "2025-01-19T18:02:05.786Z"
    }
},
{
    "model": "socialSound.seguidores",
    "pk": 5,
    "fields": {
        "seguidor": 7,
        "seguido": 6,
        "fecha_inicio": "2025-01-19T18:22:48.314Z"
    }
},
{
    "model": "socialSound.seguidores",
    "pk": 6,
    "fields": {
        "seguidor": 6,
        "seguido": 7,
        "fecha_inicio": "2025-01-19T18:44:03.877Z"
    }
},
{
    "model": "socialSound.seguidores",
    "pk": 7,
    "fields": {
        "seguidor": 4,
        "seguido": 2,
        "fecha_inicio": "2025-01-19T19:46:54.945Z"
    }
},
{
    "model": "socialSound.seguidores",
    "pk": 8,
    "fields": {
        "seguidor": 4,
        "seguido": 7,
        "fecha_inicio": "2025-01-19T19:46:56.301Z"
    }
},
{
    "model": "socialSound.seguidores",
    "pk": 9,
    "fields": {
        "seguidor": 8,
        "seguido": 6,
        "fecha_inicio": "2025-01-19T23:39:08.932Z"
    }
},
{
    "model": "socialSound.seguidores",
    "pk": 10,
    "fields": {
        "seguidor": 8,
        "seguido": 7,
        "fecha_inicio": "2025-01-19T23:39:10.955Z"
    }
},
{
    "model": "socialSound.seguidores",
    "pk": 11,
    "fields": {
        "seguidor": 8,
        "seguido": 4,
        "fecha_inicio": "2025-01-19T23:39:12.892Z"
    }
},
{
    "model": "socialSound.seguidores",
    "pk": 12,
    "fields": {
        "seguidor": 8,
        "seguido": 2,
        "fecha_inicio": "2025-01-19T23:39:14.165Z"
    }
},
{
    "model": "socialSound.seguidores",
    "pk": 13,
    "fields": {
        "seguidor": 4,
        "seguido": 8,
        "fecha_inicio": "2025-01-20T00:21:47.203Z"
    }
},
{
    "model": "socialSound.seguidores",
    "pk": 14,
    "fields": {
        "seguidor": 6,
        "seguido": 8,
        "fecha_inicio": "2025-01-20T17:09:43.926Z"
    }
},
{
    "model": "socialSound.album",
    "pk": 1,
    "fields": {
        "titulo": "Heroes",
        "artista": "David Bowie",
        "usuario": 6,
        "fecha_subida": "2025-01-19",
        "portada": "album_portadas/61HokW2XJDL_a07ZBEH._UF10001000_QL80_.jpg",
        "descripcion": "“Heroes”6​ es el duodécimo álbum del músico y compositor británico David Bowie, lanzado el 14 de octubre de 1977 por RCA Records. Es la segunda entrega de su 'Berlin Trilogy' junto a Brian Eno (siendo las otras Low y Lodger). “Heroes” desarrolla el sonido de Low en una dirección más positiva.7​ De los tres álbumes, es el que más se ajusta a la denominación de \"Berlín\", siendo el único que se grabó allí íntegramente. La pista que da nombre al álbum sigue siendo una de las más conocidas de Bowie, una historia de amor entre dos personas que se conocen en el muro de Berlín. El álbum es considerado por los críticos como uno de los mejores del artista, en parte gracias a la contribución del guitarrista de King Crimson, Robert Fripp, quién voló desde Estados Unidos y grabó sus partes en un día.",
        "reposts": []
    }
},
{
    "model": "socialSound.album",
    "pk": 2,
    "fields": {
        "titulo": "Fugazi",
        "artista": "Fugazi",
        "usuario": 7,
        "fecha_subida": "2025-01-19",
        "portada": "album_portadas/fugazi-fugazi-714740_6KNMjnE_mwyl1Tl.webp",
        "descripcion": "Fugazi es el EP debut de la banda estadounidense de post-hardcore Fugazi, lanzado en noviembre de 1988 a través de Dischord Records.",
        "reposts": []
    }
},
{
    "model": "socialSound.detallealbum",
    "pk": 1,
    "fields": {
        "album": 1,
        "productor": "David Bowie, Tony Visconti",
        "estudio_grabacion": "RCA studios",
        "numero_pistas": 1,
        "sello_discografico": "RCA"
    }
},
{
    "model": "socialSound.detallealbum",
    "pk": 2,
    "fields": {
        "album": 2,
        "productor": "Ian Mackaye",
        "estudio_grabacion": "studio 79",
        "numero_pistas": 1,
        "sello_discografico": "dischord records"
    }
},
{
    "model": "socialSound.estadisticasalbum",
    "pk": 1,
    "fields": {
        "album": 1,
        "reproducciones": 0,
        "likes": 0,
        "comentarios": 0
    }
},
{
    "model": "socialSound.estadisticasalbum",
    "pk": 2,
    "fields": {
        "album": 2,
        "reproducciones": 0,
        "likes": 0,
        "comentarios": 0
    }
},
{
    "model": "socialSound.cancion",
    "pk": 2,
    "fields": {
        "etiqueta": "punk",
        "titulo": "Waiting Room",
        "artista": "Fugazi",
        "archivo_audio": "canciones/DSVOL3_-_Loop_3.wav",
        "portada": "album_portadas/fugazi-fugazi-714740_6KNMjnE_mwyl1Tl.webp",
        "fecha_subida": "2025-01-19T18:25:34.181Z",
        "usuario": 7,
        "album": 2,
        "reposts": []
    }
},
{
    "model": "socialSound.cancion",
    "pk": 3,
    "fields": {
        "etiqueta": "pop",
        "titulo": "heroes",
        "artista": "David Bowie",
        "archivo_audio": "canciones/Capital_DK_Full_Loop_3_-_68_BPM_Bass.wav",
        "portada": "cancion_portadas/61HokW2XJDL._UF10001000_QL80_.jpg",
        "fecha_subida": "2025-01-19T19:42:41.061Z",
        "usuario": 6,
        "album": 1,
        "reposts": []
    }
},
{
    "model": "socialSound.detallescancion",
    "pk": 2,
    "fields": {
        "cancion": 2,
        "letra": "If you were a teacher, I would fail your class\r\nTake it over and over 'til you noticed me\r\nIf you were a waiting room, I would never see a doctor\r\nI would sit there with my first-aid kit and bleed\r\nI wanna be the power ballad that lifts you up and holds you down\r\nI wanna be the broken love song that feeds your misery\r\nAnd I can wish all that I want, but it won't bring us together\r\nPlus, I know whatever happens to me, I know it's for the better\r\nAnd when broken bodies are washed ashore\r\nWho am I to ask for more, more, more?\r\nBut you're breathing in my open mouth\r\nYou're the gun in my lips that will blow my brains out\r\nI wanna make you drive all night just because I said, \"Maybe you should come over\"\r\nWanna make you fall in love as hard as my poor parents' teenage daughter\r\nShe'll be the best you ever had if you let her\r\nI know it's for the better\r\nKnow it's for the better\r\nKnow it's for the better\r\nKnow it's for the better\r\nKnow it's for the better\r\nKnow it's for the better\r\nKnow it's for the better\r\nKnow it's for the better\r\nKnow it's for the better\r\nKnow it's for the better\r\nKnow it's for the better\r\nKnow it's for the better\r\nKnow it's for the better\r\nKnow it's for the better\r\nKnow it's for the better\r\nKnow it's for the better\r\nKnow it's for the better\r\nKnow it's for the better\r\nKnow it's for the better\r\nKnow it's for the better\r\nKnow it's for the better\r\nKnow it's for the better\r\nKnow it's for the better\r\nKnow it's for the better",
        "creditos": "awfwqg",
        "duracion": "00:00:00",
        "idioma": "english"
    }
},
{
    "model": "socialSound.detallescancion",
    "pk": 3,
    "fields": {
        "cancion": 3,
        "letra": "I, I will be king\r\nAnd you, you will be queen\r\nThough nothing will drive them away\r\nWe can beat them, just for one day\r\nWe can be heroes, just for one day\r\nAnd you, you can be mean\r\nAnd I, I'll drink all the time\r\n'Cause we're lovers, and that is a fact\r\nYes we're lovers, and that is that\r\nThough nothing will keep us together\r\nWe could steal time just for one day\r\nWe can be heroes for ever and ever\r\nWhat d'you say?\r\nI, I wish you could swim\r\nLike the dolphins, like dolphins can swim\r\nThough nothing, nothing will keep us together\r\nWe can beat them, for ever and ever\r\nOh we can be Heroes, just for one day\r\nI, I will be king\r\nAnd you, you will be queen\r\nThough nothing will drive them away\r\nWe can be Heroes, just for one day\r\nWe can be us, just for one day\r\nI, I can remember (I remember)\r\nStanding, by the wall (by the wall)\r\nAnd the guns, shot above our heads (over our heads)\r\nAnd we kissed, as though nothing could fall (nothing could fall)\r\nAnd the shame, was on the other side\r\nOh we can beat them, for ever and ever\r\nThen we could be Heroes, just for one day\r\nWe can be Heroes\r\nWe can be Heroes\r\nWe can be Heroes\r\nJust for one day\r\nWe can be Heroes\r\nWe're nothing, and nothing will help us\r\nMaybe we're lying, then you better not stay\r\nBut we could be safer, just for one day\r\nOh-oh-oh-ohh, oh-oh-oh-ohh, just for one day",
        "creditos": "ian",
        "duracion": "00:00:00",
        "idioma": "english"
    }
},
{
    "model": "socialSound.playlist",
    "pk": 15,
    "fields": {
        "nombre": "Lista para estudiar por la noche",
        "descripcion": "uh uh uh",
        "fecha_creacion": "2025-01-19T19:38:15.096Z",
        "usuario": 6,
        "publica": true
    }
},
{
    "model": "socialSound.cancionplaylist",
    "pk": 25,
    "fields": {
        "cancion": 2,
        "playlist": 15,
        "orden": 0,
        "fecha_agregada": "2025-01-19T19:38:15.105Z"
    }
},
{
    "model": "socialSound.cancionplaylist",
    "pk": 26,
    "fields": {
        "cancion": 3,
        "playlist": 15,
        "orden": 0,
        "fecha_agregada": "2025-01-19T19:43:34.524Z"
    }
},
{
    "model": "socialSound.comentario",
    "pk": 6,
    "fields": {
        "contenido": "Es un gran disco de los 80",
        "fecha_publicacion": "2025-01-19T18:44:23.568Z",
        "album": 2,
        "usuario": 6
    }
},
{
    "model": "socialSound.mensajeprivado",
    "pk": 8,
    "fields": {
        "emisor": 8,
        "receptor": 6,
        "contenido": "Que bien verte por aqui Bowie",
        "fecha_envio": "2025-01-19T23:39:33.326Z",
        "leido": false
    }
}
]
